table	subject	metric	value
headhead	shared/literal-rare	kind	literal
headhead	shared/literal-rare	arm	gist-base
headhead	shared/literal-rare	clauses	1
headhead	shared/literal-rare	atoms	1
headhead	shared/literal-rare	filtered	1
headhead	shared/literal-rare	cand_docs	60
headhead	shared/literal-rare	cand_bytes	1903650
headhead	shared/literal-rare	cand_byte_frac	0.081109
headhead	shared/literal-rare	hits	60
headhead	shared/literal-rare	precision	1.000000
headhead	shared/literal-rare	query_us	18
headhead	shared/literal-rare	csearch_own_docs	-1
headhead	shared/literal-rare	kind	literal
headhead	shared/literal-rare	arm	gist
headhead	shared/literal-rare	clauses	1
headhead	shared/literal-rare	atoms	1
headhead	shared/literal-rare	filtered	1
headhead	shared/literal-rare	cand_docs	60
headhead	shared/literal-rare	cand_bytes	1903650
headhead	shared/literal-rare	cand_byte_frac	0.081109
headhead	shared/literal-rare	hits	60
headhead	shared/literal-rare	precision	1.000000
headhead	shared/literal-rare	query_us	7
headhead	shared/literal-rare	csearch_own_docs	-1
headhead	shared/literal-rare	kind	literal
headhead	shared/literal-rare	arm	csearch
headhead	shared/literal-rare	clauses	5
headhead	shared/literal-rare	atoms	5
headhead	shared/literal-rare	filtered	1
headhead	shared/literal-rare	cand_docs	60
headhead	shared/literal-rare	cand_bytes	1903650
headhead	shared/literal-rare	cand_byte_frac	0.081109
headhead	shared/literal-rare	hits	60
headhead	shared/literal-rare	precision	1.000000
headhead	shared/literal-rare	query_us	7
headhead	shared/literal-rare	csearch_own_docs	58
headhead	shared/literal-dotted	kind	literal
headhead	shared/literal-dotted	arm	gist-base
headhead	shared/literal-dotted	clauses	1
headhead	shared/literal-dotted	atoms	1
headhead	shared/literal-dotted	filtered	1
headhead	shared/literal-dotted	cand_docs	40
headhead	shared/literal-dotted	cand_bytes	1298465
headhead	shared/literal-dotted	cand_byte_frac	0.055324
headhead	shared/literal-dotted	hits	38
headhead	shared/literal-dotted	precision	0.950000
headhead	shared/literal-dotted	query_us	20
headhead	shared/literal-dotted	csearch_own_docs	-1
headhead	shared/literal-dotted	kind	literal
headhead	shared/literal-dotted	arm	gist
headhead	shared/literal-dotted	clauses	1
headhead	shared/literal-dotted	atoms	1
headhead	shared/literal-dotted	filtered	1
headhead	shared/literal-dotted	cand_docs	40
headhead	shared/literal-dotted	cand_bytes	1298465
headhead	shared/literal-dotted	cand_byte_frac	0.055324
headhead	shared/literal-dotted	hits	38
headhead	shared/literal-dotted	precision	0.950000
headhead	shared/literal-dotted	query_us	11
headhead	shared/literal-dotted	csearch_own_docs	-1
headhead	shared/literal-dotted	kind	literal
headhead	shared/literal-dotted	arm	csearch
headhead	shared/literal-dotted	clauses	9
headhead	shared/literal-dotted	atoms	9
headhead	shared/literal-dotted	filtered	1
headhead	shared/literal-dotted	cand_docs	40
headhead	shared/literal-dotted	cand_bytes	1298465
headhead	shared/literal-dotted	cand_byte_frac	0.055324
headhead	shared/literal-dotted	hits	38
headhead	shared/literal-dotted	precision	0.950000
headhead	shared/literal-dotted	query_us	17
headhead	shared/literal-dotted	csearch_own_docs	38
headhead	shared/literal-common	kind	literal
headhead	shared/literal-common	arm	gist-base
headhead	shared/literal-common	clauses	1
headhead	shared/literal-common	atoms	1
headhead	shared/literal-common	filtered	1
headhead	shared/literal-common	cand_docs	367
headhead	shared/literal-common	cand_bytes	6590467
headhead	shared/literal-common	cand_byte_frac	0.280800
headhead	shared/literal-common	hits	366
headhead	shared/literal-common	precision	0.997275
headhead	shared/literal-common	query_us	4
headhead	shared/literal-common	csearch_own_docs	-1
headhead	shared/literal-common	kind	literal
headhead	shared/literal-common	arm	gist
headhead	shared/literal-common	clauses	1
headhead	shared/literal-common	atoms	1
headhead	shared/literal-common	filtered	1
headhead	shared/literal-common	cand_docs	367
headhead	shared/literal-common	cand_bytes	6590467
headhead	shared/literal-common	cand_byte_frac	0.280800
headhead	shared/literal-common	hits	366
headhead	shared/literal-common	precision	0.997275
headhead	shared/literal-common	query_us	2
headhead	shared/literal-common	csearch_own_docs	-1
headhead	shared/literal-common	kind	literal
headhead	shared/literal-common	arm	csearch
headhead	shared/literal-common	clauses	2
headhead	shared/literal-common	atoms	2
headhead	shared/literal-common	filtered	1
headhead	shared/literal-common	cand_docs	367
headhead	shared/literal-common	cand_bytes	6590467
headhead	shared/literal-common	cand_byte_frac	0.280800
headhead	shared/literal-common	hits	366
headhead	shared/literal-common	precision	0.997275
headhead	shared/literal-common	query_us	4
headhead	shared/literal-common	csearch_own_docs	365
headhead	shared/literal-punct2	kind	literal
headhead	shared/literal-punct2	arm	gist-base
headhead	shared/literal-punct2	clauses	0
headhead	shared/literal-punct2	atoms	0
headhead	shared/literal-punct2	filtered	0
headhead	shared/literal-punct2	cand_docs	1241
headhead	shared/literal-punct2	cand_bytes	23470305
headhead	shared/literal-punct2	cand_byte_frac	1.000000
headhead	shared/literal-punct2	hits	550
headhead	shared/literal-punct2	precision	0.443191
headhead	shared/literal-punct2	query_us	0
headhead	shared/literal-punct2	csearch_own_docs	-1
headhead	shared/literal-punct2	kind	literal
headhead	shared/literal-punct2	arm	gist
headhead	shared/literal-punct2	clauses	0
headhead	shared/literal-punct2	atoms	0
headhead	shared/literal-punct2	filtered	0
headhead	shared/literal-punct2	cand_docs	1241
headhead	shared/literal-punct2	cand_bytes	23470305
headhead	shared/literal-punct2	cand_byte_frac	1.000000
headhead	shared/literal-punct2	hits	550
headhead	shared/literal-punct2	precision	0.443191
headhead	shared/literal-punct2	query_us	0
headhead	shared/literal-punct2	csearch_own_docs	-1
headhead	shared/literal-punct2	kind	literal
headhead	shared/literal-punct2	arm	csearch
headhead	shared/literal-punct2	clauses	0
headhead	shared/literal-punct2	atoms	0
headhead	shared/literal-punct2	filtered	0
headhead	shared/literal-punct2	cand_docs	1241
headhead	shared/literal-punct2	cand_bytes	23470305
headhead	shared/literal-punct2	cand_byte_frac	1.000000
headhead	shared/literal-punct2	hits	550
headhead	shared/literal-punct2	precision	0.443191
headhead	shared/literal-punct2	query_us	0
headhead	shared/literal-punct2	csearch_own_docs	1233
headhead	shared/regex-decl	kind	regex
headhead	shared/regex-decl	arm	gist-base
headhead	shared/regex-decl	clauses	1
headhead	shared/regex-decl	atoms	1
headhead	shared/regex-decl	filtered	1
headhead	shared/regex-decl	cand_docs	367
headhead	shared/regex-decl	cand_bytes	6590467
headhead	shared/regex-decl	cand_byte_frac	0.280800
headhead	shared/regex-decl	hits	51
headhead	shared/regex-decl	precision	0.138965
headhead	shared/regex-decl	query_us	3
headhead	shared/regex-decl	csearch_own_docs	-1
headhead	shared/regex-decl	kind	regex
headhead	shared/regex-decl	arm	gist
headhead	shared/regex-decl	clauses	1
headhead	shared/regex-decl	atoms	6
headhead	shared/regex-decl	filtered	1
headhead	shared/regex-decl	cand_docs	103
headhead	shared/regex-decl	cand_bytes	2288755
headhead	shared/regex-decl	cand_byte_frac	0.097517
headhead	shared/regex-decl	hits	51
headhead	shared/regex-decl	precision	0.495146
headhead	shared/regex-decl	query_us	13
headhead	shared/regex-decl	csearch_own_docs	-1
headhead	shared/regex-decl	kind	regex
headhead	shared/regex-decl	arm	csearch
headhead	shared/regex-decl	clauses	3
headhead	shared/regex-decl	atoms	7
headhead	shared/regex-decl	filtered	1
headhead	shared/regex-decl	cand_docs	103
headhead	shared/regex-decl	cand_bytes	2288755
headhead	shared/regex-decl	cand_byte_frac	0.097517
headhead	shared/regex-decl	hits	51
headhead	shared/regex-decl	precision	0.495146
headhead	shared/regex-decl	query_us	13
headhead	shared/regex-decl	csearch_own_docs	101
headhead	shared/regex-dotted	kind	regex
headhead	shared/regex-dotted	arm	gist-base
headhead	shared/regex-dotted	clauses	1
headhead	shared/regex-dotted	atoms	1
headhead	shared/regex-dotted	filtered	1
headhead	shared/regex-dotted	cand_docs	11
headhead	shared/regex-dotted	cand_bytes	1237598
headhead	shared/regex-dotted	cand_byte_frac	0.052730
headhead	shared/regex-dotted	hits	6
headhead	shared/regex-dotted	precision	0.545455
headhead	shared/regex-dotted	query_us	5
headhead	shared/regex-dotted	csearch_own_docs	-1
headhead	shared/regex-dotted	kind	regex
headhead	shared/regex-dotted	arm	gist
headhead	shared/regex-dotted	clauses	1
headhead	shared/regex-dotted	atoms	63
headhead	shared/regex-dotted	filtered	1
headhead	shared/regex-dotted	cand_docs	11
headhead	shared/regex-dotted	cand_bytes	1237598
headhead	shared/regex-dotted	cand_byte_frac	0.052730
headhead	shared/regex-dotted	hits	6
headhead	shared/regex-dotted	precision	0.545455
headhead	shared/regex-dotted	query_us	71
headhead	shared/regex-dotted	csearch_own_docs	-1
headhead	shared/regex-dotted	kind	regex
headhead	shared/regex-dotted	arm	csearch
headhead	shared/regex-dotted	clauses	6
headhead	shared/regex-dotted	atoms	6
headhead	shared/regex-dotted	filtered	1
headhead	shared/regex-dotted	cand_docs	11
headhead	shared/regex-dotted	cand_bytes	1237598
headhead	shared/regex-dotted	cand_byte_frac	0.052730
headhead	shared/regex-dotted	hits	6
headhead	shared/regex-dotted	precision	0.545455
headhead	shared/regex-dotted	query_us	5
headhead	shared/regex-dotted	csearch_own_docs	9
headhead	shared/regex-anchored	kind	regex
headhead	shared/regex-anchored	arm	gist-base
headhead	shared/regex-anchored	clauses	1
headhead	shared/regex-anchored	atoms	1
headhead	shared/regex-anchored	filtered	1
headhead	shared/regex-anchored	cand_docs	367
headhead	shared/regex-anchored	cand_bytes	6590467
headhead	shared/regex-anchored	cand_byte_frac	0.280800
headhead	shared/regex-anchored	hits	49
headhead	shared/regex-anchored	precision	0.133515
headhead	shared/regex-anchored	query_us	4
headhead	shared/regex-anchored	csearch_own_docs	-1
headhead	shared/regex-anchored	kind	regex
headhead	shared/regex-anchored	arm	gist
headhead	shared/regex-anchored	clauses	1
headhead	shared/regex-anchored	atoms	6
headhead	shared/regex-anchored	filtered	1
headhead	shared/regex-anchored	cand_docs	103
headhead	shared/regex-anchored	cand_bytes	2288755
headhead	shared/regex-anchored	cand_byte_frac	0.097517
headhead	shared/regex-anchored	hits	49
headhead	shared/regex-anchored	precision	0.475728
headhead	shared/regex-anchored	query_us	8
headhead	shared/regex-anchored	csearch_own_docs	-1
headhead	shared/regex-anchored	kind	regex
headhead	shared/regex-anchored	arm	csearch
headhead	shared/regex-anchored	clauses	3
headhead	shared/regex-anchored	atoms	7
headhead	shared/regex-anchored	filtered	1
headhead	shared/regex-anchored	cand_docs	103
headhead	shared/regex-anchored	cand_bytes	2288755
headhead	shared/regex-anchored	cand_byte_frac	0.097517
headhead	shared/regex-anchored	hits	49
headhead	shared/regex-anchored	precision	0.475728
headhead	shared/regex-anchored	query_us	5
headhead	shared/regex-anchored	csearch_own_docs	101
headhead	shared/regex-classcount	kind	regex
headhead	shared/regex-classcount	arm	gist-base
headhead	shared/regex-classcount	clauses	0
headhead	shared/regex-classcount	atoms	0
headhead	shared/regex-classcount	filtered	0
headhead	shared/regex-classcount	cand_docs	1241
headhead	shared/regex-classcount	cand_bytes	23470305
headhead	shared/regex-classcount	cand_byte_frac	1.000000
headhead	shared/regex-classcount	hits	3
headhead	shared/regex-classcount	precision	0.002417
headhead	shared/regex-classcount	query_us	0
headhead	shared/regex-classcount	csearch_own_docs	-1
headhead	shared/regex-classcount	kind	regex
headhead	shared/regex-classcount	arm	gist
headhead	shared/regex-classcount	clauses	3
headhead	shared/regex-classcount	atoms	768
headhead	shared/regex-classcount	filtered	1
headhead	shared/regex-classcount	cand_docs	648
headhead	shared/regex-classcount	cand_bytes	19512318
headhead	shared/regex-classcount	cand_byte_frac	0.831362
headhead	shared/regex-classcount	hits	3
headhead	shared/regex-classcount	precision	0.004630
headhead	shared/regex-classcount	query_us	339
headhead	shared/regex-classcount	csearch_own_docs	-1
headhead	shared/regex-classcount	kind	regex
headhead	shared/regex-classcount	arm	csearch
headhead	shared/regex-classcount	clauses	1
headhead	shared/regex-classcount	atoms	256
headhead	shared/regex-classcount	filtered	1
headhead	shared/regex-classcount	cand_docs	955
headhead	shared/regex-classcount	cand_bytes	22351351
headhead	shared/regex-classcount	cand_byte_frac	0.952325
headhead	shared/regex-classcount	hits	3
headhead	shared/regex-classcount	precision	0.003141
headhead	shared/regex-classcount	query_us	104
headhead	shared/regex-classcount	csearch_own_docs	947
headhead	shared/regex-alternation	kind	regex
headhead	shared/regex-alternation	arm	gist-base
headhead	shared/regex-alternation	clauses	1
headhead	shared/regex-alternation	atoms	3
headhead	shared/regex-alternation	filtered	1
headhead	shared/regex-alternation	cand_docs	866
headhead	shared/regex-alternation	cand_bytes	14215834
headhead	shared/regex-alternation	cand_byte_frac	0.605694
headhead	shared/regex-alternation	hits	862
headhead	shared/regex-alternation	precision	0.995381
headhead	shared/regex-alternation	query_us	57
headhead	shared/regex-alternation	csearch_own_docs	-1
headhead	shared/regex-alternation	kind	regex
headhead	shared/regex-alternation	arm	gist
headhead	shared/regex-alternation	clauses	1
headhead	shared/regex-alternation	atoms	3
headhead	shared/regex-alternation	filtered	1
headhead	shared/regex-alternation	cand_docs	866
headhead	shared/regex-alternation	cand_bytes	14215834
headhead	shared/regex-alternation	cand_byte_frac	0.605694
headhead	shared/regex-alternation	hits	862
headhead	shared/regex-alternation	precision	0.995381
headhead	shared/regex-alternation	query_us	38
headhead	shared/regex-alternation	csearch_own_docs	-1
headhead	shared/regex-alternation	kind	regex
headhead	shared/regex-alternation	arm	csearch
headhead	shared/regex-alternation	clauses	1
headhead	shared/regex-alternation	atoms	3
headhead	shared/regex-alternation	filtered	1
headhead	shared/regex-alternation	cand_docs	866
headhead	shared/regex-alternation	cand_bytes	14215834
headhead	shared/regex-alternation	cand_byte_frac	0.605694
headhead	shared/regex-alternation	hits	862
headhead	shared/regex-alternation	precision	0.995381
headhead	shared/regex-alternation	query_us	42
headhead	shared/regex-alternation	csearch_own_docs	863
headhead	shared/regex-dense-scan	kind	regex
headhead	shared/regex-dense-scan	arm	gist-base
headhead	shared/regex-dense-scan	clauses	0
headhead	shared/regex-dense-scan	atoms	0
headhead	shared/regex-dense-scan	filtered	0
headhead	shared/regex-dense-scan	cand_docs	1241
headhead	shared/regex-dense-scan	cand_bytes	23470305
headhead	shared/regex-dense-scan	cand_byte_frac	1.000000
headhead	shared/regex-dense-scan	hits	1241
headhead	shared/regex-dense-scan	precision	1.000000
headhead	shared/regex-dense-scan	query_us	0
headhead	shared/regex-dense-scan	csearch_own_docs	-1
headhead	shared/regex-dense-scan	kind	regex
headhead	shared/regex-dense-scan	arm	gist
headhead	shared/regex-dense-scan	clauses	0
headhead	shared/regex-dense-scan	atoms	0
headhead	shared/regex-dense-scan	filtered	0
headhead	shared/regex-dense-scan	cand_docs	1241
headhead	shared/regex-dense-scan	cand_bytes	23470305
headhead	shared/regex-dense-scan	cand_byte_frac	1.000000
headhead	shared/regex-dense-scan	hits	1241
headhead	shared/regex-dense-scan	precision	1.000000
headhead	shared/regex-dense-scan	query_us	0
headhead	shared/regex-dense-scan	csearch_own_docs	-1
headhead	shared/regex-dense-scan	kind	regex
headhead	shared/regex-dense-scan	arm	csearch
headhead	shared/regex-dense-scan	clauses	0
headhead	shared/regex-dense-scan	atoms	0
headhead	shared/regex-dense-scan	filtered	0
headhead	shared/regex-dense-scan	cand_docs	1241
headhead	shared/regex-dense-scan	cand_bytes	23470305
headhead	shared/regex-dense-scan	cand_byte_frac	1.000000
headhead	shared/regex-dense-scan	hits	1241
headhead	shared/regex-dense-scan	precision	1.000000
headhead	shared/regex-dense-scan	query_us	0
headhead	shared/regex-dense-scan	csearch_own_docs	1233
headhead	shared/regex-eol	kind	regex
headhead	shared/regex-eol	arm	gist-base
headhead	shared/regex-eol	clauses	0
headhead	shared/regex-eol	atoms	0
headhead	shared/regex-eol	filtered	0
headhead	shared/regex-eol	cand_docs	1241
headhead	shared/regex-eol	cand_bytes	23470305
headhead	shared/regex-eol	cand_byte_frac	1.000000
headhead	shared/regex-eol	hits	679
headhead	shared/regex-eol	precision	0.547139
headhead	shared/regex-eol	query_us	0
headhead	shared/regex-eol	csearch_own_docs	-1
headhead	shared/regex-eol	kind	regex
headhead	shared/regex-eol	arm	gist
headhead	shared/regex-eol	clauses	0
headhead	shared/regex-eol	atoms	0
headhead	shared/regex-eol	filtered	0
headhead	shared/regex-eol	cand_docs	1241
headhead	shared/regex-eol	cand_bytes	23470305
headhead	shared/regex-eol	cand_byte_frac	1.000000
headhead	shared/regex-eol	hits	679
headhead	shared/regex-eol	precision	0.547139
headhead	shared/regex-eol	query_us	0
headhead	shared/regex-eol	csearch_own_docs	-1
headhead	shared/regex-eol	kind	regex
headhead	shared/regex-eol	arm	csearch
headhead	shared/regex-eol	clauses	0
headhead	shared/regex-eol	atoms	0
headhead	shared/regex-eol	filtered	0
headhead	shared/regex-eol	cand_docs	1241
headhead	shared/regex-eol	cand_bytes	23470305
headhead	shared/regex-eol	cand_byte_frac	1.000000
headhead	shared/regex-eol	hits	679
headhead	shared/regex-eol	precision	0.547139
headhead	shared/regex-eol	query_us	0
headhead	shared/regex-eol	csearch_own_docs	1233
headhead	shared/regex-litalt	kind	regex
headhead	shared/regex-litalt	arm	gist-base
headhead	shared/regex-litalt	clauses	0
headhead	shared/regex-litalt	atoms	0
headhead	shared/regex-litalt	filtered	0
headhead	shared/regex-litalt	cand_docs	1241
headhead	shared/regex-litalt	cand_bytes	23470305
headhead	shared/regex-litalt	cand_byte_frac	1.000000
headhead	shared/regex-litalt	hits	316
headhead	shared/regex-litalt	precision	0.254633
headhead	shared/regex-litalt	query_us	0
headhead	shared/regex-litalt	csearch_own_docs	-1
headhead	shared/regex-litalt	kind	regex
headhead	shared/regex-litalt	arm	gist
headhead	shared/regex-litalt	clauses	0
headhead	shared/regex-litalt	atoms	0
headhead	shared/regex-litalt	filtered	0
headhead	shared/regex-litalt	cand_docs	1241
headhead	shared/regex-litalt	cand_bytes	23470305
headhead	shared/regex-litalt	cand_byte_frac	1.000000
headhead	shared/regex-litalt	hits	316
headhead	shared/regex-litalt	precision	0.254633
headhead	shared/regex-litalt	query_us	0
headhead	shared/regex-litalt	csearch_own_docs	-1
headhead	shared/regex-litalt	kind	regex
headhead	shared/regex-litalt	arm	csearch
headhead	shared/regex-litalt	clauses	0
headhead	shared/regex-litalt	atoms	0
headhead	shared/regex-litalt	filtered	0
headhead	shared/regex-litalt	cand_docs	1241
headhead	shared/regex-litalt	cand_bytes	23470305
headhead	shared/regex-litalt	cand_byte_frac	1.000000
headhead	shared/regex-litalt	hits	316
headhead	shared/regex-litalt	precision	0.254633
headhead	shared/regex-litalt	query_us	0
headhead	shared/regex-litalt	csearch_own_docs	1233
headhead	stress/stress-errcheck	kind	regex
headhead	stress/stress-errcheck	arm	gist-base
headhead	stress/stress-errcheck	clauses	1
headhead	stress/stress-errcheck	atoms	1
headhead	stress/stress-errcheck	filtered	1
headhead	stress/stress-errcheck	cand_docs	684
headhead	stress/stress-errcheck	cand_bytes	14396938
headhead	stress/stress-errcheck	cand_byte_frac	0.613411
headhead	stress/stress-errcheck	hits	30
headhead	stress/stress-errcheck	precision	0.043860
headhead	stress/stress-errcheck	query_us	4
headhead	stress/stress-errcheck	csearch_own_docs	-1
headhead	stress/stress-errcheck	kind	regex
headhead	stress/stress-errcheck	arm	gist
headhead	stress/stress-errcheck	clauses	3
headhead	stress/stress-errcheck	atoms	13
headhead	stress/stress-errcheck	filtered	1
headhead	stress/stress-errcheck	cand_docs	52
headhead	stress/stress-errcheck	cand_bytes	1546893
headhead	stress/stress-errcheck	cand_byte_frac	0.065909
headhead	stress/stress-errcheck	hits	30
headhead	stress/stress-errcheck	precision	0.576923
headhead	stress/stress-errcheck	query_us	29
headhead	stress/stress-errcheck	csearch_own_docs	-1
headhead	stress/stress-errcheck	kind	regex
headhead	stress/stress-errcheck	arm	csearch
headhead	stress/stress-errcheck	clauses	4
headhead	stress/stress-errcheck	atoms	12
headhead	stress/stress-errcheck	filtered	1
headhead	stress/stress-errcheck	cand_docs	52
headhead	stress/stress-errcheck	cand_bytes	1546893
headhead	stress/stress-errcheck	cand_byte_frac	0.065909
headhead	stress/stress-errcheck	hits	30
headhead	stress/stress-errcheck	precision	0.576923
headhead	stress/stress-errcheck	query_us	13
headhead	stress/stress-errcheck	csearch_own_docs	51
headhead	stress/stress-zigfn	kind	regex
headhead	stress/stress-zigfn	arm	gist-base
headhead	stress/stress-zigfn	clauses	1
headhead	stress/stress-zigfn	atoms	1
headhead	stress/stress-zigfn	filtered	1
headhead	stress/stress-zigfn	cand_docs	649
headhead	stress/stress-zigfn	cand_bytes	14917320
headhead	stress/stress-zigfn	cand_byte_frac	0.635583
headhead	stress/stress-zigfn	hits	380
headhead	stress/stress-zigfn	precision	0.585516
headhead	stress/stress-zigfn	query_us	1
headhead	stress/stress-zigfn	csearch_own_docs	-1
headhead	stress/stress-zigfn	kind	regex
headhead	stress/stress-zigfn	arm	gist
headhead	stress/stress-zigfn	clauses	2
headhead	stress/stress-zigfn	atoms	42
headhead	stress/stress-zigfn	filtered	1
headhead	stress/stress-zigfn	cand_docs	399
headhead	stress/stress-zigfn	cand_bytes	7181448
headhead	stress/stress-zigfn	cand_byte_frac	0.305980
headhead	stress/stress-zigfn	hits	380
headhead	stress/stress-zigfn	precision	0.952381
headhead	stress/stress-zigfn	query_us	34
headhead	stress/stress-zigfn	csearch_own_docs	-1
headhead	stress/stress-zigfn	kind	regex
headhead	stress/stress-zigfn	arm	csearch
headhead	stress/stress-zigfn	clauses	4
headhead	stress/stress-zigfn	atoms	16
headhead	stress/stress-zigfn	filtered	1
headhead	stress/stress-zigfn	cand_docs	399
headhead	stress/stress-zigfn	cand_bytes	7181448
headhead	stress/stress-zigfn	cand_byte_frac	0.305980
headhead	stress/stress-zigfn	hits	380
headhead	stress/stress-zigfn	precision	0.952381
headhead	stress/stress-zigfn	query_us	16
headhead	stress/stress-zigfn	csearch_own_docs	398
headhead	stress/stress-isodate	kind	regex
headhead	stress/stress-isodate	arm	gist-base
headhead	stress/stress-isodate	clauses	0
headhead	stress/stress-isodate	atoms	0
headhead	stress/stress-isodate	filtered	0
headhead	stress/stress-isodate	cand_docs	1241
headhead	stress/stress-isodate	cand_bytes	23470305
headhead	stress/stress-isodate	cand_byte_frac	1.000000
headhead	stress/stress-isodate	hits	79
headhead	stress/stress-isodate	precision	0.063658
headhead	stress/stress-isodate	query_us	0
headhead	stress/stress-isodate	csearch_own_docs	-1
headhead	stress/stress-isodate	kind	regex
headhead	stress/stress-isodate	arm	gist
headhead	stress/stress-isodate	clauses	3
headhead	stress/stress-isodate	atoms	300
headhead	stress/stress-isodate	filtered	1
headhead	stress/stress-isodate	cand_docs	117
headhead	stress/stress-isodate	cand_bytes	8071033
headhead	stress/stress-isodate	cand_byte_frac	0.343883
headhead	stress/stress-isodate	hits	79
headhead	stress/stress-isodate	precision	0.675214
headhead	stress/stress-isodate	query_us	103
headhead	stress/stress-isodate	csearch_own_docs	-1
headhead	stress/stress-isodate	kind	regex
headhead	stress/stress-isodate	arm	csearch
headhead	stress/stress-isodate	clauses	1
headhead	stress/stress-isodate	atoms	100
headhead	stress/stress-isodate	filtered	1
headhead	stress/stress-isodate	cand_docs	250
headhead	stress/stress-isodate	cand_bytes	14021733
headhead	stress/stress-isodate	cand_byte_frac	0.597424
headhead	stress/stress-isodate	hits	79
headhead	stress/stress-isodate	precision	0.316000
headhead	stress/stress-isodate	query_us	21
headhead	stress/stress-isodate	csearch_own_docs	243
headhead	stress/stress-hexlit	kind	regex
headhead	stress/stress-hexlit	arm	gist-base
headhead	stress/stress-hexlit	clauses	0
headhead	stress/stress-hexlit	atoms	0
headhead	stress/stress-hexlit	filtered	0
headhead	stress/stress-hexlit	cand_docs	1241
headhead	stress/stress-hexlit	cand_bytes	23470305
headhead	stress/stress-hexlit	cand_byte_frac	1.000000
headhead	stress/stress-hexlit	hits	59
headhead	stress/stress-hexlit	precision	0.047542
headhead	stress/stress-hexlit	query_us	0
headhead	stress/stress-hexlit	csearch_own_docs	-1
headhead	stress/stress-hexlit	kind	regex
headhead	stress/stress-hexlit	arm	gist
headhead	stress/stress-hexlit	clauses	1
headhead	stress/stress-hexlit	atoms	22
headhead	stress/stress-hexlit	filtered	1
headhead	stress/stress-hexlit	cand_docs	197
headhead	stress/stress-hexlit	cand_bytes	8197983
headhead	stress/stress-hexlit	cand_byte_frac	0.349292
headhead	stress/stress-hexlit	hits	59
headhead	stress/stress-hexlit	precision	0.299492
headhead	stress/stress-hexlit	query_us	28
headhead	stress/stress-hexlit	csearch_own_docs	-1
headhead	stress/stress-hexlit	kind	regex
headhead	stress/stress-hexlit	arm	csearch
headhead	stress/stress-hexlit	clauses	0
headhead	stress/stress-hexlit	atoms	0
headhead	stress/stress-hexlit	filtered	0
headhead	stress/stress-hexlit	cand_docs	1241
headhead	stress/stress-hexlit	cand_bytes	23470305
headhead	stress/stress-hexlit	cand_byte_frac	1.000000
headhead	stress/stress-hexlit	hits	59
headhead	stress/stress-hexlit	precision	0.047542
headhead	stress/stress-hexlit	query_us	0
headhead	stress/stress-hexlit	csearch_own_docs	1233
headhead	stress/stress-url	kind	regex
headhead	stress/stress-url	arm	gist-base
headhead	stress/stress-url	clauses	1
headhead	stress/stress-url	atoms	1
headhead	stress/stress-url	filtered	1
headhead	stress/stress-url	cand_docs	161
headhead	stress/stress-url	cand_bytes	6803706
headhead	stress/stress-url	cand_byte_frac	0.289886
headhead	stress/stress-url	hits	148
headhead	stress/stress-url	precision	0.919255
headhead	stress/stress-url	query_us	4
headhead	stress/stress-url	csearch_own_docs	-1
headhead	stress/stress-url	kind	regex
headhead	stress/stress-url	arm	gist
headhead	stress/stress-url	clauses	1
headhead	stress/stress-url	atoms	128
headhead	stress/stress-url	filtered	1
headhead	stress/stress-url	cand_docs	148
headhead	stress/stress-url	cand_bytes	6647761
headhead	stress/stress-url	cand_byte_frac	0.283241
headhead	stress/stress-url	hits	148
headhead	stress/stress-url	precision	1.000000
headhead	stress/stress-url	query_us	79
headhead	stress/stress-url	csearch_own_docs	-1
headhead	stress/stress-url	kind	regex
headhead	stress/stress-url	arm	csearch
headhead	stress/stress-url	clauses	4
headhead	stress/stress-url	atoms	5
headhead	stress/stress-url	filtered	1
headhead	stress/stress-url	cand_docs	154
headhead	stress/stress-url	cand_bytes	6712924
headhead	stress/stress-url	cand_byte_frac	0.286018
headhead	stress/stress-url	hits	148
headhead	stress/stress-url	precision	0.961039
headhead	stress/stress-url	query_us	6
headhead	stress/stress-url	csearch_own_docs	149
headhead	stress/stress-sectioncite	kind	regex
headhead	stress/stress-sectioncite	arm	gist-base
headhead	stress/stress-sectioncite	clauses	1
headhead	stress/stress-sectioncite	atoms	1
headhead	stress/stress-sectioncite	filtered	1
headhead	stress/stress-sectioncite	cand_docs	100
headhead	stress/stress-sectioncite	cand_bytes	2382798
headhead	stress/stress-sectioncite	cand_byte_frac	0.101524
headhead	stress/stress-sectioncite	hits	79
headhead	stress/stress-sectioncite	precision	0.790000
headhead	stress/stress-sectioncite	query_us	8
headhead	stress/stress-sectioncite	csearch_own_docs	-1
headhead	stress/stress-sectioncite	kind	regex
headhead	stress/stress-sectioncite	arm	gist
headhead	stress/stress-sectioncite	clauses	1
headhead	stress/stress-sectioncite	atoms	12
headhead	stress/stress-sectioncite	filtered	1
headhead	stress/stress-sectioncite	cand_docs	88
headhead	stress/stress-sectioncite	cand_bytes	2212066
headhead	stress/stress-sectioncite	cand_byte_frac	0.094250
headhead	stress/stress-sectioncite	hits	79
headhead	stress/stress-sectioncite	precision	0.897727
headhead	stress/stress-sectioncite	query_us	43
headhead	stress/stress-sectioncite	csearch_own_docs	-1
headhead	stress/stress-sectioncite	kind	regex
headhead	stress/stress-sectioncite	arm	csearch
headhead	stress/stress-sectioncite	clauses	5
headhead	stress/stress-sectioncite	atoms	16
headhead	stress/stress-sectioncite	filtered	1
headhead	stress/stress-sectioncite	cand_docs	88
headhead	stress/stress-sectioncite	cand_bytes	2212066
headhead	stress/stress-sectioncite	cand_byte_frac	0.094250
headhead	stress/stress-sectioncite	hits	79
headhead	stress/stress-sectioncite	precision	0.897727
headhead	stress/stress-sectioncite	query_us	18
headhead	stress/stress-sectioncite	csearch_own_docs	86
headhead	stress/stress-prefixalt	kind	regex
headhead	stress/stress-prefixalt	arm	gist-base
headhead	stress/stress-prefixalt	clauses	1
headhead	stress/stress-prefixalt	atoms	2
headhead	stress/stress-prefixalt	filtered	1
headhead	stress/stress-prefixalt	cand_docs	610
headhead	stress/stress-prefixalt	cand_bytes	12511154
headhead	stress/stress-prefixalt	cand_byte_frac	0.533063
headhead	stress/stress-prefixalt	hits	305
headhead	stress/stress-prefixalt	precision	0.500000
headhead	stress/stress-prefixalt	query_us	37
headhead	stress/stress-prefixalt	csearch_own_docs	-1
headhead	stress/stress-prefixalt	kind	regex
headhead	stress/stress-prefixalt	arm	gist
headhead	stress/stress-prefixalt	clauses	1
headhead	stress/stress-prefixalt	atoms	2
headhead	stress/stress-prefixalt	filtered	1
headhead	stress/stress-prefixalt	cand_docs	309
headhead	stress/stress-prefixalt	cand_bytes	6351654
headhead	stress/stress-prefixalt	cand_byte_frac	0.270625
headhead	stress/stress-prefixalt	hits	305
headhead	stress/stress-prefixalt	precision	0.987055
headhead	stress/stress-prefixalt	query_us	37
headhead	stress/stress-prefixalt	csearch_own_docs	-1
headhead	stress/stress-prefixalt	kind	regex
headhead	stress/stress-prefixalt	arm	csearch
headhead	stress/stress-prefixalt	clauses	5
headhead	stress/stress-prefixalt	atoms	5
headhead	stress/stress-prefixalt	filtered	1
headhead	stress/stress-prefixalt	cand_docs	322
headhead	stress/stress-prefixalt	cand_bytes	6633507
headhead	stress/stress-prefixalt	cand_byte_frac	0.282634
headhead	stress/stress-prefixalt	hits	305
headhead	stress/stress-prefixalt	precision	0.947205
headhead	stress/stress-prefixalt	query_us	14
headhead	stress/stress-prefixalt	csearch_own_docs	321
headhead	stress/stress-undefwall	kind	regex
headhead	stress/stress-undefwall	arm	gist-base
headhead	stress/stress-undefwall	clauses	1
headhead	stress/stress-undefwall	atoms	1
headhead	stress/stress-undefwall	filtered	1
headhead	stress/stress-undefwall	cand_docs	424
headhead	stress/stress-undefwall	cand_bytes	10740017
headhead	stress/stress-undefwall	cand_byte_frac	0.457600
headhead	stress/stress-undefwall	hits	212
headhead	stress/stress-undefwall	precision	0.500000
headhead	stress/stress-undefwall	query_us	25
headhead	stress/stress-undefwall	csearch_own_docs	-1
headhead	stress/stress-undefwall	kind	regex
headhead	stress/stress-undefwall	arm	gist
headhead	stress/stress-undefwall	clauses	1
headhead	stress/stress-undefwall	atoms	1
headhead	stress/stress-undefwall	filtered	1
headhead	stress/stress-undefwall	cand_docs	424
headhead	stress/stress-undefwall	cand_bytes	10740017
headhead	stress/stress-undefwall	cand_byte_frac	0.457600
headhead	stress/stress-undefwall	hits	212
headhead	stress/stress-undefwall	precision	0.500000
headhead	stress/stress-undefwall	query_us	14
headhead	stress/stress-undefwall	csearch_own_docs	-1
headhead	stress/stress-undefwall	kind	regex
headhead	stress/stress-undefwall	arm	csearch
headhead	stress/stress-undefwall	clauses	7
headhead	stress/stress-undefwall	atoms	7
headhead	stress/stress-undefwall	filtered	1
headhead	stress/stress-undefwall	cand_docs	424
headhead	stress/stress-undefwall	cand_bytes	10740017
headhead	stress/stress-undefwall	cand_byte_frac	0.457600
headhead	stress/stress-undefwall	hits	212
headhead	stress/stress-undefwall	precision	0.500000
headhead	stress/stress-undefwall	query_us	22
headhead	stress/stress-undefwall	csearch_own_docs	421
cost	gist	index_bytes	5024163
cost	gist	build_ms	83.3
cost	gist	peak_rss_bytes	10452992
cost	csearch	index_bytes	5019801
cost	csearch	build_ms	714.4
cost	csearch	peak_rss_bytes	1458176
